gvkey,gvkeyx,from,thru,tic,co_conm,co_tic,co_cik
1078,3,19640331,,I0003,ABBOTT LABORATORIES,ABT,1800
1300,3,19640331,,I0003,HONEYWELL INTERNATIONAL INC,HON,773840
1440,3,19640331,,I0003,AMERICAN ELECTRIC POWER CO,AEP,4904
2285,3,19640331,,I0003,BOEING CO,BA,12927
2403,3,19640331,,I0003,BRISTOL-MYERS SQUIBB CO,BMY,14272
2663,3,19640331,,I0003,CAMPBELL SOUP CO,CPB,16732
2817,3,19640331,,I0003,CATERPILLAR INC,CAT,18230
2991,3,19640331,,I0003,CHEVRON CORP,CVX,93410
3144,3,19640331,,I0003,COCA-COLA CO,KO,21344
3170,3,19640331,,I0003,COLGATE-PALMOLIVE CO,CL,21665
3413,3,19640331,,I0003,CONSOLIDATED EDISON INC,ED,1047862
3532,3,19640331,,I0003,CORNING INC,GLW,24741
3835,3,19640331,,I0003,DEERE & CO,DE,315189
3897,3,19640331,,I0003,DTE ENERGY CO,DTE,936340
4029,3,19640331,,I0003,DOMINION ENERGY INC,D,715957
4060,3,19640331,,I0003,DOWDUPONT INC,DWDP,1666700
4199,3,19640331,,I0003,EATON CORP PLC,ETN,1551182
4503,3,19640331,,I0003,EXXON MOBIL CORP,XOM,34088
4839,3,19640331,,I0003,FORD MOTOR CO,F,37996
5046,3,19640331,,I0003,GENERAL DYNAMICS CORP,GD,40533
5047,3,19640331,,I0003,GENERAL ELECTRIC CO,GE,40545
5234,3,19640331,,I0003,GOODYEAR TIRE & RUBBER CO,GT,42582
5439,3,19640331,,I0003,HALLIBURTON CO,HAL,45012
5597,3,19640331,,I0003,HERSHEY CO,HSY,47111
6066,3,19640331,,I0003,INTL BUSINESS MACHINES CORP,IBM,51143
6104,3,19640331,,I0003,INTL PAPER CO,IP,51434
6375,3,19640331,,I0003,KELLOGG CO,K,55067
6435,3,19640331,,I0003,KIMBERLY-CLARK CORP,KMB,55785
6502,3,19640331,,I0003,KROGER CO,KR,56873
7163,3,19640331,,I0003,S&P GLOBAL INC,SPGI,64040
7241,3,19640331,,I0003,CVS HEALTH CORP,CVS,64803
7257,3,19640331,,I0003,MERCK & CO,MRK,310158
7366,3,19640331,,I0003,ENTERGY CORP,ETR,65984
7435,3,19640331,,I0003,3M CO,MMM,66740
7585,3,19640331,,I0003,MOTOROLA SOLUTIONS INC,MSI,68505
7923,3,19640331,,I0003,NORFOLK SOUTHERN CORP,NSC,702165
7977,3,19640331,,I0003,XCEL ENERGY INC,XEL,72903
8099,3,19640331,,I0003,FIRSTENERGY CORP,FE,1031296
8247,3,19640331,,I0003,PPG INDUSTRIES INC,PPG,79879
8264,3,19640331,,I0003,PG&E CORP,PCG,1004980
8272,3,19640331,,I0003,SEMPRA ENERGY,SRE,1032208
8479,3,19640331,,I0003,PEPSICO INC,PEP,77476
8530,3,19640331,,I0003,PFIZER INC,PFE,78003
8539,3,19640331,,I0003,EXELON CORP,EXC,1109357
8543,3,19640331,,I0003,ALTRIA GROUP INC,MO,764180
8549,3,19640331,,I0003,CONOCOPHILLIPS,COP,1163165
8762,3,19640331,,I0003,PROCTER & GAMBLE CO,PG,80424
8810,3,19640331,,I0003,PUBLIC SERVICE ENTRP GRP INC,PEG,788784
8972,3,19640331,,I0003,RAYTHEON CO,RTN,1047122
9203,3,19640331,,I0003,ROCKWELL AUTOMATION,ROK,1024478
9846,3,19640331,,I0003,EDISON INTERNATIONAL,EIX,827052
9850,3,19640331,,I0003,SOUTHERN CO,SO,92122
10499,3,19640331,,I0003,TEXAS INSTRUMENTS INC,TXN,97476
10867,3,19640331,,I0003,UNION PACIFIC CORP,UNP,100885
10983,3,19640331,,I0003,UNITED TECHNOLOGIES CORP,UTX,101829
11456,3,19640331,,I0003,WEYERHAEUSER CO,WY,106535
11465,3,19640331,,I0003,WHIRLPOOL CORP,WHR,106640
11636,3,19640331,,I0003,XEROX CORP,XRX,108772
1995,3,19640331,20120313,I0003,CONSTELLATION ENERGY GRP INC,CEG,1004440
5229,3,19640331,20120730,I0003,GOODRICH CORP,GR,42542
5568,3,19640331,20130606,I0003,KRAFT HEINZ CO,KHC,1637459
8446,3,19640331,20131201,I0003,PENNEY (J C) CO,JCP,1166126
1408,3,19640331,20140430,I0003,BEAM INC,BEAM,789073
11446,3,19640331,20150701,I0003,MEADWESTVACO CORP,MWV,1159297
1356,3,19640331,20161031,I0003,ALCOA INC,AA.3,
8606,3,19640331,20170228,I0003,PITNEY BOWES INC,PBI,78814
1976,3,19640331,20170704,I0003,BAKER HUGHES INC,BHI,808362
4087,3,19640331,20170831,I0003,DU PONT (E I) DE NEMOURS,DD,30554
9667,3,19640630,,I0003,SHERWIN-WILLIAMS CO,SHW,89800
3650,3,19650331,,I0003,CUMMINS INC,CMI,26172
4321,3,19650331,,I0003,EMERSON ELECTRIC CO,EMR,32604
9465,3,19650331,,I0003,SCHLUMBERGER LTD,SLB,87347
1920,3,19670630,20150322,I0003,AVON PRODUCTS,AVP,8868
2574,3,19670930,,I0003,CSX CORP,CSX,277948
3121,3,19690331,,I0003,CLOROX CO/DE,CLX,21076
5071,3,19690331,,I0003,GENERAL MILLS INC,GIS,40704
10156,3,19690331,20121004,I0003,SUNOCO INC,SUN.1,95304
7881,3,19690630,,I0003,NEWMONT MINING CORP,NEM,1164727
7154,3,19700630,,I0003,MCDONALD'S CORP,MCD,63908
6730,3,19701231,,I0003,LILLY (ELI) & CO,LLY,59478
2086,3,19720930,,I0003,BAXTER INTERNATIONAL INC,BAX,10456
2111,3,19720930,,I0003,BECTON DICKINSON & CO,BDX,10795
6266,3,19730630,,I0003,JOHNSON & JOHNSON,JNJ,200406
5125,3,19731231,,I0003,GENUINE PARTS CO,GPC,40987
5606,3,19741231,,I0003,HP INC,HPQ,47217
11506,3,19750331,,I0003,WILLIAMS COS INC,WMB,107263
2044,3,19750630,20180102,I0003,BARD (C.R.) INC,BCR,9892
4988,3,19751231,20170601,I0003,TEGNA INC,TGNA,39899
6078,3,19760331,,I0003,INTL FLAVORS & FRAGRANCES,IFF,51253
1177,3,19760630,,I0003,AETNA INC,AET,1122304
1447,3,19760630,,I0003,AMERICAN EXPRESS CO,AXP,4962
2547,3,19760630,,I0003,CIGNA CORP,CI,701221
2968,3,19760630,,I0003,JPMORGAN CHASE & CO,JPM,19617
3505,3,19760630,,I0003,MOLSON COORS BREWING CO,TAP,24545
3980,3,19760630,,I0003,DISNEY (WALT) CO,DIS,1001039
4093,3,19760630,,I0003,DUKE ENERGY CORP,DUK,1326160
4517,3,19760630,,I0003,NEXTERA ENERGY INC,NEE,753308
6742,3,19760630,,I0003,LINCOLN NATIONAL CORP,LNC,59558
7647,3,19760630,,I0003,BANK OF AMERICA CORP,BAC,70858
8007,3,19760630,,I0003,WELLS FARGO & CO,WFC,72971
3024,3,19760630,20160118,I0003,CHUBB CORP,CB.1,20171
3813,3,19761231,,I0003,TARGET CORP,TGT,27419
6008,3,19761231,,I0003,INTEL CORP,INTC,50863
2154,3,19780930,20141204,I0003,BEMIS CO INC,BMS,11199
10519,3,19781231,,I0003,TEXTRON INC,TXT,217346
10405,3,19781231,20150701,I0003,ALLEGHENY TECHNOLOGIES INC,ATI,1018963
7750,3,19790331,20160417,I0003,TENET HEALTHCARE CORP,THC,70318
11060,3,19790630,,I0003,VF CORP,VFC,103379
11264,3,19791231,,I0003,WALGREENS BOOTS ALLIANCE INC,WBA,1618921
1487,3,19800331,,I0003,AMERICAN INTERNATIONAL GROUP,AIG,5272
4818,3,19800331,,I0003,FLUOR CORP,FLR,1124198
4598,3,19801231,,I0003,FEDEX CORP,FDX,1048911
8253,3,19801231,,I0003,PACCAR INC,PCAR,75362
1891,3,19810331,,I0003,AUTOMATIC DATA PROCESSING,ADP,8670
5256,3,19810630,,I0003,GRAINGER (W W) INC,GWW,277135
7085,3,19810630,,I0003,MASCO CORP,MAS,62996
3336,3,19810630,20151130,I0003,DXC TECHNOLOGY COMPANY,DXC,1688568
1722,3,19810729,,I0003,ARCHER-DANIELS-MIDLAND CO,ADM,7084
9411,3,19810930,20120628,I0003,HILLSHIRE BRANDS CO,HSH,23666
7116,3,19820331,,I0003,MATTEL INC,MAT,63276
11259,3,19820831,,I0003,WALMART INC,WMT,104169
9778,3,19820930,,I0003,SNAP-ON INC,SNA,91440
10016,3,19820930,,I0003,STANLEY BLACK & DECKER INC,SWK,93556
2435,3,19821031,,I0003,BROWN FORMAN CORP,BF.B,14693
1690,3,19821130,,I0003,APPLE INC,AAPL,320193
8068,3,19821231,,I0003,OCCIDENTAL PETROLEUM CORP,OXY,797468
9299,3,19821231,20170618,I0003,RYDER SYSTEM INC,R,85961
3362,3,19830831,,I0003,CONAGRA BRANDS INC,CAG,23217
6733,3,19830930,,I0003,L BRANDS INC,LB,701985
2136,3,19831130,,I0003,VERIZON COMMUNICATIONS INC,VZ,732712
9899,3,19831130,,I0003,AT&T INC,T,732717
6829,3,19840229,,I0003,LOWE'S COMPANIES INC,LOW,60667
8823,3,19840430,,I0003,PULTEGROUP INC,PHM,822416
1380,3,19840531,,I0003,HESS CORP,HES,4447
1161,3,19840630,20130922,I0003,ADVANCED MICRO DEVICES,AMD,2488
6774,3,19840731,,I0003,LOCKHEED MARTIN CORP,LMT,936468
4040,3,19840731,20121211,I0003,DONNELLEY (R R) & SONS CO,RRD,29669
5518,3,19840930,,I0003,HASBRO INC,HAS,46080
1988,3,19841031,,I0003,BALL CORP,BLL,9389
10190,3,19850131,20120430,I0003,SUPERVALU INC,SVU,95521
9258,3,19850131,20140818,I0003,ROWAN COMPANIES PLC,RDC,85408
1209,3,19850430,,I0003,AIR PRODUCTS & CHEMICALS INC,APD,2969
8030,3,19850430,,I0003,NUCOR CORP,NUE,73309
4145,3,19850531,,I0003,PERKINELMER INC,PKI,31791
7985,3,19850630,,I0003,NORTHROP GRUMMAN CORP,NOC,1133421
5742,3,19850731,,I0003,CENTERPOINT ENERGY INC,CNP,1130310
11672,3,19850930,,I0003,TJX COMPANIES INC,TJX,109198
4058,3,19851031,,I0003,DOVER CORP,DOV,29905
8358,3,19851130,,I0003,PARKER-HANNIFIN CORP,PH,76334
5878,3,19860228,,I0003,ILLINOIS TOOL WORKS,ITW,49826
6268,3,19860531,,I0003,JOHNSON CONTROLS INTL PLC,JCI,833444
4990,3,19860831,,I0003,GAP INC,GPS,39911
7922,3,19860831,,I0003,NORDSTROM INC,JWN,72333
7228,3,19861031,,I0003,MEDTRONIC PLC,MDT,1613103
2269,3,19861130,,I0003,BLOCK H & R INC,HRB,12659
10247,3,19861231,,I0003,SYSCO CORP,SYY,96021
3310,3,19870731,,I0003,CA INC,CA,356028
7065,3,19870831,,I0003,MARSH & MCLENNAN COS,MMC,62709
1913,3,19871231,,I0003,AVERY DENNISON CORP,AVY,8818
8304,3,19871231,20150830,I0003,PALL CORP,PLL,75829
5680,3,19880331,,I0003,HOME DEPOT INC,HD,354950
8245,3,19880430,,I0003,PNC FINANCIAL SVCS GROUP INC,PNC,713676
3243,3,19880531,,I0003,CITIGROUP INC,C,831001
10187,3,19880531,,I0003,SUNTRUST BANKS INC,STI,750556
7906,3,19881130,,I0003,NIKE INC,NKE,320187
4213,3,19890131,,I0003,ECOLAB INC,ECL,31462
7875,3,19890430,,I0003,NEWELL BRANDS INC,NWL,814453
10614,3,19890430,,I0003,TORCHMARK CORP,TMK,320335
10984,3,19890731,20130708,I0003,SPRINT CORP,S,101830
12142,3,19890831,,I0003,ORACLE CORP,ORCL,1341439
7904,3,19890831,20111212,I0003,NICOR INC,GAS.2,72020
2783,3,19890831,20120701,I0003,PROGRESS ENERGY INC,DUK8,1094093
9372,3,19891130,20170104,I0003,ST JUDE MEDICAL INC,STJ,203077
1878,3,19891201,,I0003,AUTODESK INC,ADSK,769397
7017,3,19910501,,I0003,MARATHON OIL CORP,MRO,101778
23978,3,19910501,20140701,I0003,UNITED STATES STEEL CORP,X,1163302
10860,3,19910919,,I0003,AMEREN CORP,AEE,1002910
1602,3,19920102,,I0003,AMGEN INC,AMGN,318154
15708,3,19920207,20150322,I0003,ALLERGAN INC,AGN.2,850693
25124,3,19920701,,I0003,PRAXAIR INC,PX,884905
6136,3,19921001,,I0003,INTERPUBLIC GROUP OF COS,IPG,51644
29028,3,19931001,,I0003,COSTCO WHOLESALE CORP,COST,909832
20779,3,19931201,,I0003,CISCO SYSTEMS INC,CSCO,858877
29392,3,19940101,,I0003,EASTMAN CHEMICAL CO,EMN,915389
9783,3,19940301,,I0003,KEYCORP,KEY,91576
12726,3,19940301,,I0003,UNUM GROUP,UNM,5513
12141,3,19940601,,I0003,MICROSOFT CORP,MSFT,789019
9882,3,19940701,,I0003,SOUTHWEST AIRLINES,LUV,92380
10903,3,19940701,,I0003,UNITEDHEALTH GROUP INC,UNH,731766
13714,3,19940901,,I0003,CBS CORP,CBS,813828
9699,3,19940901,20151118,I0003,SIGMA-ALDRICH CORP,SIAL,90185
7343,3,19940927,,I0003,MICRON TECHNOLOGY INC,MU,723125
25279,3,19950224,,I0003,BOSTON SCIENTIFIC CORP,BSX,885725
1704,3,19950316,,I0003,APPLIED MATERIALS INC,AMAT,6951
2019,3,19950331,,I0003,BANK OF NEW YORK MELLON CORP,BK,1390777
6781,3,19950510,,I0003,LOEWS CORP,L,60086
31846,3,19950530,,I0003,DARDEN RESTAURANTS INC,DRI,940944
10420,3,19950703,20111220,I0003,TELLABS INC,TLAB,317771
28349,3,19950713,,I0003,ALLSTATE CORP,ALL,899051
14590,3,19950731,,I0003,FREEPORT-MCMORAN INC,FCX,831259
12124,3,19950922,,I0003,MORGAN STANLEY,MS,895421
4611,3,19951108,,I0003,MACY'S INC,M,794367
8455,3,19951127,,I0003,PPL CORP,PPL,922224
3231,3,19951201,,I0003,COMERICA INC,CMA,28412
27914,3,19951201,,I0003,HUMANA INC,HUM,49071
6529,3,19951214,20140507,I0003,LSI CORP,LSI.1,703360
61739,3,19951220,,I0003,HARTFORD FINANCIAL SERVICES,HIG,874766
4640,3,19960308,,I0003,FIFTH THIRD BANCORP,FITB,35527
12053,3,19960328,20160907,I0003,EMC CORP/MA,EMC,790070
3221,3,19960423,,I0003,AON PLC,AON,315293
14489,3,19960906,20131028,I0003,DELL TECHNOLOGIES INC,7732B,1571996
10530,3,19970102,,I0003,THERMO FISHER SCIENTIFIC INC,TMO,97745
23809,3,19970102,,I0003,AUTOZONE INC,AZO,866787
12540,3,19970506,,I0003,ADOBE SYSTEMS INC,ADBE,796343
2751,3,19970527,,I0003,CARDINAL HEALTH INC,CAH,721371
13988,3,19970602,,I0003,SCHWAB (CHARLES) CORP,SCHW,316709
4423,3,19970619,,I0003,EQUIFAX INC,EFX,33185
1678,3,19970728,,I0003,APACHE CORP,APA,6769
11923,3,19970728,,I0003,ANADARKO PETROLEUM CORP,APC,773910
13341,3,19970804,,I0003,PROGRESSIVE CORP-OHIO,PGR,80661
5786,3,19970806,,I0003,HUNTINGTON BANCSHARES,HBAN,49196
10035,3,19970818,,I0003,STATE STREET CORP,STT,93751
6304,3,19970915,,I0003,KLA-TENCOR CORP,KLAC,319201
65417,3,19971007,,I0003,YUM BRANDS INC,YUM,1041061
11856,3,19971204,,I0003,BB&T CORP,BBT,92230
14824,3,19971218,,I0003,CINCINNATI FINANCIAL CORP,CINF,20286
4066,3,19971224,,I0003,OMNICOM GROUP,OMC,29989
12123,3,19980120,20130213,I0003,BIG LOTS INC,BIG,768835
7982,3,19980130,,I0003,NORTHERN TRUST CORP,NTRS,73124
9555,3,19980401,,I0003,SEALED AIR CORP,SEE,1012100
4885,3,19980429,,I0003,FRANKLIN RESOURCES INC,BEN,38777
28930,3,19980521,,I0003,MARRIOTT INTL INC,MAR,1048286
30990,3,19980701,,I0003,CAPITAL ONE FINANCIAL CORP,COF,927628
10121,3,19980701,20180604,I0003,NAVIENT CORP,NAVI,1593538
14477,3,19980717,,I0003,WASTE MANAGEMENT INC,WM,823768
25283,3,19980814,,I0003,KOHL'S CORP,KSS,885639
4674,3,19980828,,I0003,REGIONS FINANCIAL CORP,RF,1281761
8402,3,19981001,,I0003,PAYCHEX INC,PAYX,723531
14650,3,19981001,20130910,I0003,BMC SOFTWARE INC,BMC,835729
24216,3,19981002,,I0003,AES CORP,AES,874761
15521,3,19981007,20170917,I0003,STAPLES INC,SPLS,791519
12756,3,19981008,20160530,I0003,COCA-COLA EUROPEAN PARTNERS,CCE,1650107
9359,3,19981113,20150126,I0003,SAFEWAY INC,SWY,86144
3735,3,19981118,,I0003,DANAHER CORP,DHR,313616
13498,3,19981222,,I0003,CARNIVAL CORP/PLC (USA),CCL,815097
4723,3,19990104,,I0003,U S BANCORP,USB,36104
26011,3,19990104,20120102,I0003,COMPUWARE CORP,CPWR.1,859014
25056,3,19990104,20180619,I0003,TIME WARNER INC,TWX,1105705
7171,3,19990113,,I0003,MCKESSON CORP,MCK,927653
2884,3,19990325,,I0003,CENTURYLINK INC,CTL,18926
27845,3,19990412,,I0003,ALLERGAN PLC,AGN,1578845
3439,3,19990503,,I0003,CMS ENERGY CORP,CMS,811156
1449,3,19990528,,I0003,AFLAC INC,AFL,4977
61591,3,19990625,,I0003,NETAPP INC,NTAP,1002047
2184,3,19990630,,I0003,BEST BUY CO INC,BBY,764478
11228,3,19990701,,I0003,VULCAN MATERIALS CO,VMC,1396009
24800,3,19990722,,I0003,QUALCOMM INC,QCOM,804328
61552,3,19990813,20120930,I0003,LEXMARK INTL INC  -CL A,LXK,1001288
25338,3,19991001,20170725,I0003,BED BATH & BEYOND INC,BBBY,886158
1075,3,19991004,,I0003,PINNACLE WEST CAPITAL CORP,PNW,764622
1632,3,19991012,,I0003,ANALOG DEVICES,ADI,6281
12138,3,19991013,,I0003,PRICE (T. ROWE) GROUP,TROW,1113169
6649,3,19991018,,I0003,LEGGETT & PLATT INC,LEG,58492
4242,3,19991026,20120524,I0003,EL PASO CORP,EP,1066107
22325,3,19991108,,I0003,XILINX INC,XLNX,743988
10453,3,19991115,20131222,I0003,TERADYNE INC,TER,97210
61676,3,19991201,,I0003,CITRIX SYSTEMS INC,CTXS,877890
7506,3,19991201,20131209,I0003,MOLEX INC,MOLX,67472
62634,3,19991208,20170618,I0003,ALTABA INC,AABA,1011006
12389,3,20000131,,I0003,HARLEY-DAVIDSON INC,HOG,793952
12216,3,20000403,20170312,I0003,LINEAR TECHNOLOGY CORP,LLTC,791907
14324,3,20000418,20151228,I0003,ALTERA CORP,ALTR.1,768251
126554,3,20000605,,I0003,AGILENT TECHNOLOGIES INC,A,1090872
25434,3,20000608,,I0003,STARBUCKS CORP,SBUX,829224
14623,3,20000619,20120604,I0003,NOVELLUS SYSTEMS INC,NVLS.1,836106
13646,3,20000621,,I0003,TIFFANY & CO,TIF,98246
66708,3,20000703,20160131,I0003,BROADCOM CORP,BRCM,1054374
29241,3,20000727,20131222,I0003,VIAVI SOLUTIONS INC,VIAV,912093
14934,3,20000830,,I0003,DEVON ENERGY CORP,DVN,1090012
139665,3,20001003,,I0003,MOODY'S CORP,MCO,1059556
1661,3,20001018,20150322,I0003,NABORS INDUSTRIES LTD,NBR,1163739
7974,3,20001102,,I0003,NISOURCE INC,NI,1111711
16478,3,20001102,,I0003,EOG RESOURCES INC,EOG,821189
5723,3,20001117,20160922,I0003,STARWOOD HOTELS&RESORTS WRLD,HOT,316206
4843,3,20001122,20140630,I0003,FOREST LABORATORIES  -CL A,FRX,38074
2312,3,20001205,,I0003,ROBERT HALF INTL INC,RHI,315213
27928,3,20001211,,I0003,INTUIT INC,INTU,896878
133768,3,20001211,,I0003,METLIFE INC,MET,1099219
10115,3,20001212,,I0003,STRYKER CORP,SYK,310764
28195,3,20010130,20141104,I0003,JABIL INC,JBL,898293
135484,3,20010227,20170319,I0003,FRONTIER COMMUNICATIONS CORP,FTR,20520
3062,3,20010301,,I0003,CINTAS CORP,CTAS,723254
12635,3,20010402,,I0003,FISERV INC,FISV,798354
64156,3,20010604,20111218,I0003,MONSTER WORLDWIDE INC,MWW,1020416
11687,3,20010625,,I0003,ZIONS BANCORPORATION,ZION,109380
144066,3,20010702,,I0003,ROCKWELL COLLINS INC,COL,1137411
4560,3,20010806,20150708,I0003,FAMILY DOLLAR STORES,FDO,34408
144559,3,20010807,,I0003,ZIMMER BIOMET HOLDINGS INC,ZBH,1136869
31673,3,20010830,,I0003,AMERISOURCEBERGEN CORP,ABC,1140859
24318,3,20010904,,I0003,XL GROUP LTD,XL,875159
6097,3,20010904,20140622,I0003,INTL GAME TECHNOLOGY,IGT.1,353944
10277,3,20011010,20160630,I0003,TECO ENERGY INC,TE,350563
117768,3,20011130,,I0003,NVIDIA CORP,NVDA,1045810
28733,3,20011203,,I0003,EQUITY RESIDENTIAL,EQR,906107
61574,3,20020102,,I0003,WATERS CORP,WAT,1000697
15709,3,20020117,20160221,I0003,PLUM CREEK TIMBER CO INC,PCL,849213
4737,3,20020506,20130623,I0003,FIRST HORIZON NATIONAL CORP,FHN,36966
31122,3,20020515,20130630,I0003,APOLLO EDUCATION GROUP INC,APOL,929887
29389,3,20020626,,I0003,SIMON PROPERTY GROUP INC,SPG,1063761
10920,3,20020722,,I0003,UNITED PARCEL SERVICE INC,UPS,1090727
16721,3,20020722,,I0003,ELECTRONIC ARTS INC,EA,712515
114524,3,20020722,,I0003,EBAY INC,EBAY,1065088
114628,3,20020722,,I0003,GOLDMAN SACHS GROUP INC,GS,886982
143356,3,20020722,,I0003,PRUDENTIAL FINANCIAL INC,PRU,1137774
145701,3,20020722,,I0003,PRINCIPAL FINANCIAL GRP INC,PFG,1126328
145046,3,20020725,,I0003,ANTHEM INC,ANTM,1156039
140760,3,20020814,20180606,I0003,MONSANTO CO,MON,1110783
62689,3,20020821,,I0003,TRAVELERS COS INC,TRV,86312
120877,3,20020904,20170725,I0003,REYNOLDS AMERICAN INC,RAI,1275283
3226,3,20021119,,I0003,COMCAST CORP,CMCSA,1166691
64166,3,20021212,,I0003,QUEST DIAGNOSTICS INC,DGX,1022079
9063,3,20030224,20170807,I0003,AUTONATION INC,AN,350698
30490,3,20030314,,I0003,APARTMENT INVST & MGMT CO,AIV,922864
7146,3,20030321,,I0003,MCCORMICK & CO INC,MKC,63754
15855,3,20030331,,I0003,SYMANTEC CORP,SYMC,849399
66731,3,20030416,20130101,I0003,FEDERATED INVESTORS INC,FII,1056288
29984,3,20030717,,I0003,PROLOGIS INC,PLD,1045609
7186,3,20030820,20120403,I0003,MEDCO HEALTH SOLUTIONS INC,MHS,1170650
25356,3,20030926,,I0003,EXPRESS SCRIPTS HOLDING CO,ESRX,1532063
24468,3,20031113,,I0003,BIOGEN INC,BIIB,875045
4699,3,20040227,,I0003,M & T BANK CORP,MTB,36270
63501,3,20040401,,I0003,E TRADE FINANCIAL CORP,ETFC,1015780
7637,3,20040423,,I0003,MYLAN NV,MYL,1623613
15247,3,20040429,,I0003,VALERO ENERGY CORP,VLO,1035002
160255,3,20040503,20150902,I0003,HOSPIRA INC,HSP,1274057
24856,3,20040701,,I0003,GILEAD SCIENCES INC,GILD,882095
140541,3,20040901,,I0003,TAPESTRY INC,TPR,1116132
14960,3,20041101,,I0003,LABORATORY CP OF AMER HLDGS,LH,920148
110685,3,20041201,,I0003,L3 TECHNOLOGIES INC,LLL,1039101
12886,3,20041220,,I0003,TWENTY-FIRST CENTURY FOX INC,FOXA,1308161
63892,3,20050314,,I0003,NATIONAL OILWELL VARCO INC,NOV,1021860
6307,3,20050328,20120904,I0003,SEARS HOLDINGS CORP,SHLD,1310067
2710,3,20050705,,I0003,CONSTELLATION BRANDS,STZ,16918
25340,3,20050705,,I0003,D R HORTON INC,DHI,882184
10793,3,20050811,,I0003,TYSON FOODS INC  -CL A,TSN,100493
11220,3,20050812,,I0003,VORNADO REALTY TRUST,VNO,899689
7620,3,20050815,20170725,I0003,MURPHY OIL CORP,MUR,717423
10096,3,20050819,,I0003,PUBLIC STORAGE,PSA,1393311
23877,3,20050830,20130508,I0003,COVENTRY HEALTH CARE INC,CVH,1054833
164708,3,20051003,,I0003,AMERIPRISE FINANCIAL INC,AMP,820027
6669,3,20051004,,I0003,LENNAR CORP,LEN,920760
25880,3,20051011,20180318,I0003,PATTERSON COMPANIES INC,PDCO,891024
64768,3,20051121,,I0003,AMAZON.COM INC,AMZN,1018724
158354,3,20051202,20151117,I0003,GENWORTH FINANCIAL INC,GNW,1276520
165675,3,20060103,,I0003,VIACOM INC,VIAB,1339947
24893,3,20060103,20170828,I0003,WHOLE FOODS MARKET INC,WFM,865436
61567,3,20060105,,I0003,LAUDER (ESTEE) COS INC -CL A,EL,1001250
66368,3,20060201,,I0003,VERISIGN INC,VRSN,1014473
12788,3,20060201,20170315,I0003,HARMAN INTERNATIONAL INDS,HAR,800459
27786,3,20060303,20180318,I0003,CHESAPEAKE ENERGY CORP,CHK,895126
24731,3,20060403,,I0003,KIMCO REALTY CORP,KIM,879101
64925,3,20060403,,I0003,BOSTON PROPERTIES INC,BXP,1037540
160329,3,20060403,,I0003,ALPHABET INC,GOOGL,1652044
62655,3,20060403,20130523,I0003,DEAN FOODS CO,DF,931336
61513,3,20060420,20160512,I0003,SANDISK CORP,SNDK,1000180
6653,3,20060424,20161201,I0003,LEGG MASON INC,LM,704051
121718,3,20060602,,I0003,JUNIPER NETWORKS INC,JNPR,1043604
120093,3,20060628,20160303,I0003,CNX RESOURCES CORPORATION,CNX,1070412
174490,3,20060718,20150406,I0003,WINDSTREAM HOLDINGS INC,WIN,1282266
174729,3,20060801,20180530,I0003,WYNDHAM DESTINATIONS INC,WYND,1361658
149070,3,20060811,,I0003,CME GROUP INC,CME,1156375
175263,3,20061002,,I0003,WESTERN UNION CO,WU,1365135
13599,3,20061106,,I0003,CELGENE CORP,CELG,816284
165993,3,20061110,,I0003,FIDELITY NATIONAL INFO SVCS,FIS,1136893
260774,3,20061110,,I0003,CBRE GROUP INC,CBRE,1138118
111864,3,20061117,,I0003,COGNIZANT TECH SOLUTIONS,CTSH,1058290
142460,3,20061120,20140921,I0003,PEABODY ENERGY CORP,BTU,1064728
12206,3,20061204,20150728,I0003,DIRECTV,DTV.2,1465112
176282,3,20070103,20170227,I0003,SPECTRA ENERGY CORP,SE.7,1373835
29875,3,20070110,,I0003,AVALONBAY COMMUNITIES INC,AVB,915912
64891,3,20070202,,I0003,RALPH LAUREN CORP,RL,1037038
11115,3,20070212,,I0003,VARIAN MEDICAL SYSTEMS INC,VAR,203527
122015,3,20070215,20151102,I0003,HUDSON CITY BANCORP INC,HCBK,921847
11555,3,20070222,20150630,I0003,INTEGRYS HOLDING INC,WEC3,916863
65609,3,20070302,,I0003,C H ROBINSON WORLDWIDE INC,CHRW,1043277
7063,3,20070320,,I0003,HOST HOTELS & RESORTS INC,HST,1070750
63643,3,20070329,20131222,I0003,ABERCROMBIE & FITCH  -CL A,ANF,1018840
142953,3,20070402,,I0003,MONDELEZ INTERNATIONAL INC,MDLZ,1103982
157057,3,20070410,,I0003,ASSURANT INC,AIZ,1267238
60992,3,20070531,20111218,I0003,SUNEDISON INC,SUNEQ,945436
8717,3,20070601,20160131,I0003,PRECISION CASTPARTS CORP,PCP,79958
177376,3,20070702,,I0003,DISCOVER FINANCIAL SVCS,DFS,1393612
125595,3,20070712,,I0003,AKAMAI TECHNOLOGIES INC,AKAM,1086222
6682,3,20070827,,I0003,JEFFERIES FINANCIAL GRP INC,JEF,96223
27965,3,20070907,,I0003,MICROCHIP TECHNOLOGY INC,MCHP,827054
163610,3,20070926,,I0003,INTERCONTINENTAL EXCHANGE,ICE,1571949
10466,3,20070927,,I0003,ANDEAVOR,ANDV,50104
178310,3,20071001,20170618,I0003,TERADATA CORP,TDC,816761
126296,3,20071002,,I0003,EXPEDIA GROUP INC,EXPE,1324424
7912,3,20071008,,I0003,NOBLE ENERGY INC,NBL,72207
4494,3,20071010,,I0003,EXPEDITORS INTL WASH INC,EXPD,746515
166451,3,20071025,20131112,I0003,NYSE EURONEXT,NYX,1368007
6216,3,20071026,,I0003,JACOBS ENGINEERING GROUP INC,JEC,52988
62984,3,20071029,20121223,I0003,TITANIUM METALS CORP,TIE,1011657
8694,3,20071109,20160329,I0003,PEPCO HOLDINGS INC,POM,1135971
105365,3,20071119,,I0003,AMERICAN TOWER CORP,AMT,1053507
145049,3,20071214,20160424,I0003,GAMESTOP CORP,GME,1326380
6788,3,20071221,20180617,I0003,RANGE RESOURCES CORP,RRC,315852
11300,3,20071231,20140921,I0003,GRAHAM HOLDINGS CO,GHC,104889
10631,3,20080102,,I0003,TOTAL SYSTEM SERVICES INC,TSS,721683
60894,3,20080129,20160403,I0003,CAMERON INTERNATIONAL CORP,CAM,941548
13125,3,20080331,,I0003,HCP INC,HCP,765880
179621,3,20080331,,I0003,PHILIP MORRIS INTERNATIONAL,PM,1413329
136725,3,20080602,,I0003,INTUITIVE SURGICAL INC,ISRG,1035267
9904,3,20080606,20170403,I0003,SOUTHWESTERN ENERGY CO,SWN,7332
147175,3,20080611,20150611,I0003,LORILLARD INC,LO,1424847
20548,3,20080623,,I0003,CABOT OIL & GAS CORP,COG,858470
29968,3,20080701,20111218,I0003,AK STEEL HOLDING CORP,AKS,918160
180167,3,20080701,20180306,I0003,SCRIPPS NETWORKS INTERACTIVE,SNI,1430602
160225,3,20080718,,I0003,MASTERCARD INC,MA,1141391
61483,3,20080731,,I0003,DAVITA INC,DVA,927066
29804,3,20080821,,I0003,INVESCO LTD,IVZ,914208
163946,3,20080827,,I0003,CF INDUSTRIES HOLDINGS INC,CF,1324404
14225,3,20080915,,I0003,FASTENAL CO,FAST,815556
157855,3,20080915,,I0003,SALESFORCE.COM INC,CRM,1108524
5492,3,20080922,,I0003,HARRIS CORP,HRS,202058
14359,3,20080924,,I0003,PIONEER NATURAL RESOURCES CO,PXD,1038357
14282,3,20080930,,I0003,AMPHENOL CORP,APH,820313
4108,3,20081002,,I0003,FLOWSERVE CORP,FLS,30625
179700,3,20081007,20180701,I0003,DR PEPPER SNAPPLE GROUP INC,DPS,
149337,3,20081022,,I0003,NASDAQ INC,NDAQ,1120193
11550,3,20081031,,I0003,WEC ENERGY GROUP INC,WEC,783325
9777,3,20081106,,I0003,SMUCKER (JM) CO,SJM,91419
16245,3,20081113,,I0003,PEOPLE'S UNITED FINL INC,PBCT,1378946
13700,3,20081114,,I0003,DENTSPLY SIRONA INC,XRAY,818479
149318,3,20081114,,I0003,WYNN RESORTS LTD,WYNN,1174922
63527,3,20081119,,I0003,STERICYCLE INC,SRCL,861878
118577,3,20081124,20140123,I0003,LIFE TECHNOLOGIES CORP,LIFE.3,1073431
4094,3,20081202,20170404,I0003,DUN & BRADSTREET CORP,DNB,1115222
112168,3,20081205,,I0003,REPUBLIC SERVICES INC,RSG,1060391
4430,3,20081219,,I0003,EQT CORP,EQT,33213
9445,3,20090102,,I0003,SCANA CORP,SCG,754737
28477,3,20090102,,I0003,FLIR SYSTEMS INC,FLIR,354908
8215,3,20090102,20161201,I0003,OWENS-ILLINOIS INC,OI,812074
62374,3,20090106,,I0003,IRON MOUNTAIN INC,IRM,1020569
5543,3,20090130,,I0003,WELLTOWER INC,WELL,766704
61409,3,20090226,20161002,I0003,DIAMOND OFFSHRE DRILLING INC,DO,949039
5709,3,20090304,,I0003,HORMEL FOODS CORP,HRL,48465
110179,3,20090304,,I0003,VENTAS INC,VTR,740260
7970,3,20090317,,I0003,EVERSOURCE ENERGY,ES,72741
28180,3,20090327,,I0003,O'REILLY AUTOMOTIVE INC,ORLY,898173
176404,3,20090330,20160517,I0003,TIME WARNER CABLE INC,TWC,1377013
20653,3,20090402,20150322,I0003,DENBURY RESOURCES INC,DNR,945764
142811,3,20090605,20170116,I0003,FMC TECHNOLOGIES INC,FTI.1,1135152
3905,3,20090609,20120930,I0003,ADTALEM GLOBAL EDUCATION INC,ATGE,730464
160256,3,20090630,20130430,I0003,METROPCS COMMUNICATIONS INC,PCS,
11399,3,20090701,,I0003,WESTERN DIGITAL CORP,WDC,106040
66446,3,20090701,,I0003,QUANTA SERVICES INC,PWR,1050915
122841,3,20090727,,I0003,RED HAT INC,RHT,1087423
4510,3,20090819,,I0003,FMC CORP,FMC,37785
183257,3,20090901,20150317,I0003,CAREFUSION CORP,CFN,1457543
12950,3,20090909,20160522,I0003,AIRGAS INC,ARG,804212
175404,3,20091016,20170319,I0003,FIRST SOLAR INC,FSLR,1274494
119314,3,20091106,,I0003,BOOKING HOLDINGS INC,BKNG,1075531
9248,3,20091221,,I0003,ROSS STORES INC,ROST,745732
179534,3,20091221,,I0003,VISA INC,V,1403161
165123,3,20091221,20130922,I0003,LEIDOS HOLDINGS INC,LDOS,1336920
3107,3,20091221,20140401,I0003,CLEVELAND-CLIFFS INC,CLF,764065
180833,3,20091221,20170618,I0003,MEAD JOHNSON NUTRITION CO,MJN,1452575
24925,3,20091223,,I0003,ROPER TECHNOLOGIES INC,ROP,882835
135990,3,20100129,,I0003,NRG ENERGY INC,NRG,1013871
29150,3,20100208,20170319,I0003,URBAN OUTFITTERS INC,URBN,912615
2176,3,20100216,,I0003,BERKSHIRE HATHAWAY,BRK.B,1067983
5581,3,20100301,,I0003,HELMERICH & PAYNE,HP,46765
164296,3,20100301,,I0003,DISCOVERY INC,DISCA,1437107
8151,3,20100315,,I0003,ONEOK INC,OKE,1039684
12850,3,20100430,,I0003,CERNER CORP,CERN,804753
64410,3,20100628,,I0003,CARMAX INC,KMX,1170010
154357,3,20100701,20150630,I0003,QEP RESOURCES INC,QEP,1108827
28034,3,20100715,,I0003,CHUBB LTD,CB,896159
10787,3,20100827,20160905,I0003,TYCO INTERNATIONAL PLC,TYC,1608109
5959,3,20101117,,I0003,INGERSOLL-RAND PLC,IR,1466258
29173,3,20101220,,I0003,NEWFIELD EXPLORATION CO,NFX,912750
121077,3,20101220,,I0003,F5 NETWORKS INC,FFIV,1048695
147579,3,20101220,,I0003,NETFLIX INC,NFLX,1065280
12485,3,20101220,20160623,I0003,ALTICE USA INC,ATUS,1702780
186106,3,20110104,20120524,I0003,MOTOROLA MOBILITY HLDGS INC,MMI.3,1495569
11925,3,20110118,20150719,I0003,NOBLE CORP PLC,NE,1458891
13003,3,20110228,20151007,I0003,JOY GLOBAL INC,JOY,801898
177264,3,20110301,20150126,I0003,COVIDIEN PLC,COV,1385187
133366,3,20110401,,I0003,EDWARDS LIFESCIENCES CORP,EW,1099800
124434,3,20110404,,I0003,BLACKROCK INC,BLK,1364742
165914,3,20110428,,I0003,CHIPOTLE MEXICAN GRILL INC,CMG,1058090
162448,3,20110602,20121001,I0003,ALPHA NATURAL RESOURCES INC,ANRZQ,1301063
186989,3,20110701,,I0003,MARATHON PETROLEUM CORP,MPC,1510295
143357,3,20110706,,I0003,ACCENTURE PLC,ACN,1467373
162129,3,20110926,,I0003,MOSAIC CO,MOS,1285785
177267,3,20111017,,I0003,TE CONNECTIVITY LTD,TEL,1385157
189491,3,20111101,,I0003,XYLEM INC,XYL,1524472
3497,3,20111123,20121202,I0003,COOPER INDUSTRIES PLC,CBE,1141982
1837,3,20111213,20160630,I0003,SOUTHERN CO GAS,SO7,1004155
24782,3,20111219,,I0003,PERRIGO CO PLC,PRGO,1585364
28742,3,20111219,,I0003,BORGWARNER INC,BWA,908255
31587,3,20111219,,I0003,DOLLAR TREE INC,DLTR,935703
199356,3,20111221,,I0003,TRIPADVISOR INC,TRIP,1526520